{"train_0": 0.8480429586189933, "_timestamp": 1694188531.1414003, "train_1": 0.3227710449890633, "train_2": 0.7375576576734028, "train_3": 0.39584906616643917, "train_4": 0.14282794346534938, "train_5": 0.26190571752052627, "train_6": 0.42115978770150053, "train_7": 0.766047948582734, "train_8": 0.9436850656295579, "train_9": 0.01844910140431108, "train_10": 0.018976289242604163, "train_11": 0.6862990500935211, "train_12": 0.9456728709018554, "train_miou": 0.5007111155376814, "train_loss": 0.29091185952724385, "val_0": 0.7432806980947277, "val_1": 0.12910112682559008, "val_2": 0.47952160959246676, "val_3": 0.09820214384198188, "val_4": 0.03413044671832088, "val_5": 0.06596450891631976, "val_6": 0.23815235020154382, "val_7": 0.7174685884529931, "val_8": 0.8034011605089083, "val_9": 0.0016435227702212916, "val_10": 0.00045933559554662184, "val_11": 0.4634899946159098, "val_12": 0.9337507860214981, "val_miou": 0.362197405550463, "val_loss": 0.6877437733337602, "_runtime": 27215.421630382538, "_step": 29, "_wandb": {"runtime": 27214}}